  Barritas Redonda de Ternera para Perro,https://www.petsonic.com/3120-large_default/hobbit-alf-barritas-redonda-ternera-para-perros.jpg,400 Gr., 4.20 € ,900 Gr., 7.80 € 
  Barritas Redonda de Cordero para Perro,https://www.petsonic.com/3127-large_default/hobbit-alf-barritas-redonda-cordero-para-perros.jpg,400 Gr., 4.20 € ,900 Gr., 7.80 € 
  Barritas Redonda de Pollo para Perro,https://www.petsonic.com/3128-large_default/hobbit-alf-barritas-redonda-pollo-para-perros.jpg,400 Gr., 4.20 € ,900 Gr., 7.80 € 
  Mini Huesitos Tiernos Mix para Perros,https://www.petsonic.com/5858-large_default/hobbit-alf-mini-huesitos-tiernos-mix-para-perros.jpg,500 Gr., 3.60 € 
  Snack Toffy Salmón para Perro,https://www.petsonic.com/10933-large_default/nayeco-snack-toffy-salmon-para-perros.jpg,250 Gr., 3.10 € 
  Snack Toffy Pollo para Perro,https://www.petsonic.com/11042-large_default/nayeco-snack-toffy-pollo-para-perros.jpg,75 Gr., 2.75 € 
  Snack Toffy Cordero para Perro,https://www.petsonic.com/11044-large_default/nayeco-snack-toffy-cordero-para-perros.jpg,75 Gr., 2.75 € 
  Snack Toffy Surtido para Perro,https://www.petsonic.com/11167-large_default/nayeco-snack-toffy-surtido-para-perros.jpg,250 Gr., 2.75 € 
  Barritas 1kg Redonda Antisarro con Fluor Hobbit Alf,https://www.petsonic.com/3133-large_default/hobbit-alf-barritas-1kg-redonda-antisarro-fluor-para-perros.jpg
  Barrita de Cordero,https://www.petsonic.com/3194-large_default/nayeco-barrita-cordero-para-perros.jpg,500 Gr., 4.70 € 
  Delidog Barritas de Pollo,https://www.petsonic.com/8020-large_default/delidog-barritas-pollo-para-perros.jpg,800 Gr., 8.10 € 
  Delidog Barritas de Buey,https://www.petsonic.com/8018-large_default/delidog-barritas-buey-para-perros.jpg,800 Gr., 8.10 € 
  Delidog Barritas de Salmón,https://www.petsonic.com/8021-large_default/delidog-barritas-salmon-para-perros.jpg,800 Gr., 8.10 € 
  Delidog Barritas de Cordero,https://www.petsonic.com/8019-large_default/delidog-barritas-cordero-para-perros.jpg,800 Gr., 8.10 € 
  Delidog Barritas Grain Free,https://www.petsonic.com/8022-large_default/delidog-barritas-grain-free-para-perros.jpg,800 Gr., 8.10 € 
  Barritas de Pollo con Omega-3 para Perro,https://www.petsonic.com/11133-large_default/hobbit-alf-barritas-pollo-omega-3-para-perros.jpg,1 Kg., 15.80 € 
  Barritas de Cordero Omega-3 para Perro,https://www.petsonic.com/11132-large_default/hobbit-alf-barritas-cordero-omega-3-para-perros.jpg,1 Kg., 15.80 € 
  Barritas de Ternera con Omega-3 para Perro,https://www.petsonic.com/11134-large_default/hobbit-alf-barritas-ternera-omega-3-para-perros.jpg,1 Kg., 15.80 € 
  Bocaditos Tiernos de Salmón para Perro,https://www.petsonic.com/11081-large_default/hobbit-alf-bocaditos-tiernos-salmon-para-perros.jpg,1 Unidad., 1.25 € ,16 Unidades, 18.95 € 
  Estrellas Tiernas de Salmón y Queso para Perro,https://www.petsonic.com/11078-large_default/hobbit-alf-estrellas-tiernas-salmon-queso-para-perros.jpg,1 Unidad., 1.25 € ,16 Unidades, 18.95 € 
  Estrellita Tiernas de Salmón para Perro,https://www.petsonic.com/11079-large_default/hobbit-alf-estrellita-tiernas-salmon-para-perros.jpg,1 Unidad., 1.25 € ,16 Unidades, 18.95 € 
  Estrellas Tiernas de Avestruz para Perro,https://www.petsonic.com/11080-large_default/hobbit-alf-estrellas-tiernas-avestruz-para-perros.jpg,1 Unidad., 1.25 € ,16 Unidades, 18.95 € 
  Estrellas Tiernas de Ganso para Perro,https://www.petsonic.com/12040-large_default/hobbit-alf-estrellas-tiernas-ganso-para-perros.jpg,1 Unidad., 1.25 € ,16 Unidades, 13.90 € 
  Bocaditos Tiernos de Carne de Caza para Perros,https://www.petsonic.com/12041-large_default/hobbit-alf-bocaditos-tiernos-carne-caza-para-perros.jpg,1 Unidad., 1.25 € ,16 Unidades, 18.95 € 
  Fruit Mix para Perro,https://www.petsonic.com/12039-large_default/hobbit-alf-fruit-mix-para-perro.jpg,1 Unidad., 1.25 € ,16 Unidades, 18.95 € 
  Snack Huesitos Tiernos para Perros,https://www.petsonic.com/5862-large_default/hobbit-alf-snack-huesitos-tiernos-para-perros.jpg,Pollo, 1.80 € ,Cordero, 1.80 € 
  Palitos Tiernos de Ternera para Perro,https://www.petsonic.com/5863-large_default/hobbit-alf-palitos-tiernos-ternera-para-perros.jpg,13 Unidades., 2.95 € 
  Hueso Piel con Fluor para Perro,https://www.petsonic.com/5852-large_default/hobbit-alf-hueso-piel-fluor-para-perros.jpg,13 cm, 1.95 € ,25 cm, 5.75 € 
  Hueso Piel Sabor Barbacoa para Perro,https://www.petsonic.com/3143-large_default/hobbit-alf-hueso-piel-sabor-barbacoa-para-perros.jpg,13 cm, 1.95 € 
  Hueso de Piel Sabor Chocolate para Perro,https://www.petsonic.com/5850-large_default/hobbit-alf-hueso-piel-sabor-chocolate-para-perros.jpg,13 cm, 1.95 € 
  Nudillo de Ternera Calcio para Perro,https://www.petsonic.com/5854-large_default/hobbit-alf-nudillo-ternera-calcio-para-perros.jpg,2 Unidades, 0.60 € 
  Nudillo de Ternera Ahumado para Perro,https://www.petsonic.com/5853-large_default/hobbit-alf-nudillo-ternera-ahumado-para-perros.jpg,2 Unidades, 0.60 € 
  Cañailla de Jamón para Perro,https://www.petsonic.com/5857-large_default/hobbit-alf-canailla-jamon-para-perros.jpg,2 Unidades, 0.95 € 
  Mini Hueso Piel Fluor para Perros,https://www.petsonic.com/5860-large_default/hobbit-alf-mini-hueso-piel-fluor-para-perros.jpg,10 Unidades., 6.30 € 
  Hueso Calcio con Pollo para Perro,https://www.petsonic.com/11061-large_default/hobbit-alf-hueso-calcio-pollo-para-perros.jpg,100 Gr., 2.15 € 
  Filetes de pollo y Pato para Perro,https://www.petsonic.com/11054-large_default/hobbit-alf-filetes-pollo-pato-para-perros.jpg,100 Gr., 2.60 € 
  Huesitos Puppy con Pollo para Perro,https://www.petsonic.com/11055-large_default/hobbit-alf-huesitos-puppy-pollo-para-perros.jpg,100 Gr., 2.15 € 
  Muslitos de Pollo y Calcio para Perro,https://www.petsonic.com/11056-large_default/hobbit-alf-muslitos-pollo-calcio-para-perros.jpg,100 Gr., 2.15 € 
  Rosco Piel Fluor para Perro,https://www.petsonic.com/5847-large_default/hobbit-alf-rosco-piel-fluor-para-perros.jpg,1 Unidad., 2.10 € 
  Asta de Ciervo para Perro,https://www.petsonic.com/11247-large_default/natural-horn-asta-ciervo-para-perros.jpg,S, 4.35 € ,M, 6.15 € ,L, 10.95 € ,XL, 16.75 € ,XXL, 19.60 € 
  Hueso Jamón para Perro,https://www.petsonic.com/3152-large_default/hobbit-alf-hueso-jamon-para-perros.jpg,Talla Unica, 1.25 € 
  Hueso de Ternera para Perro,https://www.petsonic.com/12790-large_default/hueso-ternera-para-perro.jpg,30 cm, 4.50 € ,45 cm, 4.75 € 
  Hueso de Calcio Corto para Perro,https://www.petsonic.com/5846-large_default/hobbit-alf-hueso-calcio-corto-para-perros.jpg,1 Unidad., 1.40 € 
  Hueso Ternera con Calcio,https://www.petsonic.com/9577-large_default/hobbit-alf-hueso-ternera-calcio-para-perros.jpg,1 Unidad., 2.50 € 
  Hueso Ternera Ahumado para Perro,https://www.petsonic.com/9578-large_default/hobbit-alf-hueso-ternera-ahumado-para-perros.jpg,1 Unidad., 2.60 € 
  Huesos Piel Prensada para Perro,https://www.petsonic.com/12999-large_default/huesos-piel-prensada-para-perro.jpg,2 x 8 cm, 1.25 € ,14 cm, 1.50 € ,21.5 cm, 3.60 € ,27 cm, 4.15 € ,32 cm, 5.95 € 
  Huesos Marrowbone Nylon Rellenos para Perro,https://www.petsonic.com/6288-large_default/the-company-of-animals-huesos-marrowbone-nylon-rellenos-para-perros.jpg,9 cm, 3.40 € ,11.5 cm, 4.55 € ,13.5 cm, 6.20 € ,19 cm, 8.60 € ,23 cm, 11.40 € 
  Orejas de Cerda Extra para Perro,https://www.petsonic.com/8755-large_default/hobbit-alf-orejas-cerda-extra-para-perros.jpg,5 Unidades., 6.15 € ,25 Unidades, 29.25 € 
  Oreja de Cerdo,https://www.petsonic.com/3158-large_default/hobbit-alf-oreja-cerdo-para-perros.jpg,1 Unidad., 1.50 € 
  Oreja de Vaca Deshidratada para Perro,https://www.petsonic.com/9993-large_default/hobbit-alf-oreja-vaca-deshidratada-para-perros.jpg,1 Unidad., 0.60 € 
  Zapato Piel Masticable para Perro (10 unidades),https://www.petsonic.com/5867-large_default/trixie-zapato-piel-masticable-10-unidades-para-perros.jpg,12 cm, 6.90 € ,20 cm, 15.90 € 
  Tendón de Cuero para Perro,https://www.petsonic.com/3161-large_default/hobbit-alf-tendon-cuero-para-perros.jpg,100 Gr., 3.78 € ,1 Kg., 13.95 € 
  Pezuña de Ternera Rellena para Perro,https://www.petsonic.com/8214-large_default/hobbit-alf-pezuna-ternera-rellena-para-perros.jpg,1 Unidad., 1.40 € 
  Nervio de Cerdo Trenzado para Perro,https://www.petsonic.com/12822-large_default/nervio-cerdo-trenzado-para-perro.jpg,20 cm, 1.90 € 
  Nervio de Toro 15 cm para Perro,https://www.petsonic.com/3172-large_default/hobbit-alf-nervio-toro-15-cm-para-perros.jpg,10 Unidades., 12.15 € ,40 Unidades., 45.35 € 
  Puntas de Nervio de Toro,https://www.petsonic.com/3164-large_default/hobbit-alf-puntas-nervio-toro-para-perros.jpg,500 Gr., 11.20 € 
  35 Und. Nervio Bovino Nayeco,https://www.petsonic.com/3173-large_default/nayeco-35-und-nervio-bovino-para-perros.jpg
  Nervio de Toro 20cm para Perros,https://www.petsonic.com/3169-large_default/hobbit-alf-nervio-toro-20cm-para-perros.jpg,7 Unidades., 13.90 € 
  Nervio de Toro 60-70cm para Perro,https://www.petsonic.com/3196-large_default/hobbit-alf-nervio-toro-60-70cm-para-perros.jpg,1 Unidad., 4.75 € ,Pack 10 unidades, 47.30 € 
  Cigarrillos Colores de Piel para Perro,https://www.petsonic.com/8518-large_default/dimac-cigarrillos-colores-piel-para-perros.jpg,100 unidades, 4.95 € 
  Palitos Mordedores de Piel para Perro,https://www.petsonic.com/9463-large_default/ferribiella-palitos-mordedores-piel-para-perros.jpg,4 Unidades., 1.60 € 
  Snack de Piel para Perro,https://www.petsonic.com/10104-large_default/bravo-snack-piel-para-perros.jpg,4 Unidades, 9.95 € 
  Snack Piel Surtido para Perro,https://www.petsonic.com/10105-large_default/bravo-snack-piel-surtido-para-perros.jpg,7 Unidades., 12.95 € 
  Palitos de Piel para Perro 100 unidades,https://www.petsonic.com/8392-large_default/trixie-palitos-piel-100-unidades-para-perros.jpg,Ø 5 a 6 mm, 8.55 € ,Ø 7 a 8 mm, 10.70 € ,Ø 9 a 10 mm, 16.75 € 
  Tira de Tendón para Perro,https://www.petsonic.com/3168-large_default/hobbit-alf-tira-tendon-para-perros.jpg,1 Unidad., 0.85 € 
  Tendon Extra 20cm para Perro,https://www.petsonic.com/5849-large_default/hobbit-alf-tendon-extra-20cm-para-perros.jpg,1 Unidad., 1.75 € 
  Busy Buddy Recambio Premio Natural para Perro,https://www.petsonic.com/8506-large_default/nayeco-busy-buddy-recambio-premio-natural-para-perros.jpg,Talla 1, 2.95 € ,Talla 2, 6.30 € ,Talla 3, 8.80 € 
  Huesos Prensados de Arroz para Perro,https://www.petsonic.com/6612-large_default/trixie-huesos-prensados-arroz-para-perros.jpg,2 Unidades, 2.15 € 
  Rollito de Tripa Relleno de Yogur para Perro,https://www.petsonic.com/7167-large_default/trixie-rollito-tripa-relleno-yogur-para-perros.jpg,100 Unidades, 64.45 € 
  Snack -Premio Paté Pollo,https://www.petsonic.com/8646-large_default/trixie-snack-premio-pate-pollo-para-perros.jpg,100 Gr., 3.95 € 
  Snack-Premio Paté Hígado,https://www.petsonic.com/8393-large_default/trixie-snack-premio-pate-higado-para-perros.jpg,110 Gr., 3.30 € 
  Snack Paté de Bacon para Perro,https://www.petsonic.com/12408-large_default/snack-pate-bacon-para-perro.jpg,110 Gr., 3.75 € 
  Snack Paté de Salmón para Perro,https://www.petsonic.com/12407-large_default/snack-pate-salmon-para-perro.jpg,110 Gr., 3.75 € 
  Snacks Vitaminados Sabor Yogur para Perro,https://www.petsonic.com/8411-large_default/trixie-snacks-vitaminados-sabor-yogur-para-perros.jpg,75 Gr., 1.50 € 
  Tableta Chocolate para Perros,https://www.petsonic.com/6614-large_default/trixie-tableta-chocolate-para-perros.jpg,100 Gr., 1.50 € 
  Tableta Chocolate Blanco para Perros,https://www.petsonic.com/6613-large_default/trixie-tableta-chocolate-blanco-para-perros.jpg,100 Gr., 1.50 € 
  Snacks Tiras de Pollo Deshidratado para Perro,https://www.petsonic.com/8406-large_default/trixie-snacks-tiras-pollo-deshidratado-para-perros.jpg,100 Gr., 3.10 € 
  Snack Pollo y Merluza para Perro,https://www.petsonic.com/12125-large_default/snack-pollo-merluza-para-perro.jpg,75 Gr., 1.95 € 
  Snacks Crispy Duck para Perro,https://www.petsonic.com/12124-large_default/snacks-cripspy-duck-para-perro.jpg,100 Gr., 3.95 € 
  Snakcs Pollo y Plátano para Perro,https://www.petsonic.com/12403-large_default/snakcs-pollo-platano-para-perro.jpg,100 Gr., 2.95 € 
  Snack Pollo y Queso para Perro,https://www.petsonic.com/12404-large_default/snack-pollo-queso-para-perro.jpg,100 Gr., 2.95 € 
  Snacks Bites Pato para Perro,https://www.petsonic.com/12447-large_default/snacks-bites-pato-para-perro.jpg,80 Gr, 2.95 € 
  Snack Pato y Arroz para Perro,https://www.petsonic.com/12406-large_default/snack-pato-arroz-para-perro.jpg,80 Gr, 2.95 € 
  Snack Pato para Perro,https://www.petsonic.com/12405-large_default/snack-pato-para-perro.jpg,80 Gr, 2.95 € 
  Braaaf Hueso de piel de pescado para Perro,https://www.petsonic.com/12144-large_default/hueso-piel-pescado-para-perro.jpg,90 Gr, 5.75 € ,100 Gr., 5.95 € ,120 gr, 6.50 € 
  Super Star Snacks Adiestramiento para Perro.,https://www.petsonic.com/5892-large_default/fish4dogs-super-star-snacks-adiestramiento-para-perros.jpg,75 Gr., 3.95 € 
  Sea Jerky Tiras de Piel de Pescado Deshidratado para Perro,https://www.petsonic.com/3214-large_default/fish4dogs-sea-jerky-tiras-piel-pescado-deshidratado-para-perros.jpg,100 Gr., 3.95 € 
  Sea Wraps con Bacalao y Boniato para Perro,https://www.petsonic.com/3257-large_default/fish4dogs-sea-wraps-bacalao-boniato-para-perros.jpg,100 Gr., 3.95 € 
  Sea Jerky Trenzas de Pescado Deshidratado para Perro,https://www.petsonic.com/3220-large_default/fish4dogs-sea-jerky-trenzas-pescado-deshidratado-para-perros.jpg,100 Gr., 3.95 € 
  Sea Jerky Tacos de Pescado Deshidratado para Perro,https://www.petsonic.com/3218-large_default/fish4dogs-sea-jerky-tacos-pescado-deshidratado-para-perros.jpg,100 Gr., 3.95 € 
  Sea Jerky Taquitos de Pescado Pequeños Deshidratados para Perro,https://www.petsonic.com/3216-large_default/fish4dogs-sea-jerky-taquitos-pescado-pequenos-deshidratados-para-perros.jpg,100 Gr., 3.95 € 
  Sea Jerky Huesos de Piel de Pescado Deshidratada para Perro,https://www.petsonic.com/5889-large_default/fish4dogs-sea-jerky-huesos-piel-pescado-deshidratada-para-perros.jpg,100 Gr., 3.95 € 
  Sea Biscuits Tiddlers para Perros,https://www.petsonic.com/5883-large_default/fish4dogs-sea-biscuits-tiddlers-para-perros.jpg,100 Gr., 3.95 € 
  Snack Icelandic Fish Cubes para perros,https://www.petsonic.com/12970-large_default/snack-icelandic-fish-cubes-para-perros.jpg,100 Gr., 5.95 € 
  Snack de Pescado y Patata para Perro,https://www.petsonic.com/11026-large_default/fish4dogs-snack-pescado-patata-para-perros.jpg,75 Gr., 4.95 € 
  Bocados de Calamar,https://www.petsonic.com/10090-large_default/fish4dogs-bocados-calamar-para-perros.jpg,75 Gr., 4.50 € 
  Anillas de Calamar,https://www.petsonic.com/10089-large_default/fish4dogs-anillas-calamar-para-perros.jpg,75 Gr., 4.95 € 
  Galletas con Frutas del Bosque para Perro,https://www.petsonic.com/5434-large_default/naturea-galletas-frutas-bosque-para-perros.jpg,230 Gr., 5.10 € 
  Galletas de Manzana y Canela para Perro,https://www.petsonic.com/5433-large_default/naturea-galletas-manzana-canela-para-perros.jpg,230 Gr., 5.10 € 
  Galletas con Tomate Aceite de Oliva y Queso Parmesano para Perro,https://www.petsonic.com/5437-large_default/naturea-galletas-tomate-aceite-oliva-queso-parmesano-para-perros.jpg,230 Gr., 5.10 € 
  Galletas con Pato y Moras para Perro,https://www.petsonic.com/5436-large_default/naturea-galletas-pato-moras-para-perros.jpg,230 Gr., 5.36 € 
  Galletas con Yogurt y Miel para Perro,https://www.petsonic.com/5438-large_default/naturea-galletas-yogurt-miel-para-perros.jpg,230 Gr., 5.10 € 
  Galletas con Pescado Aceite de oliva y Hierbas Aromáticas para Perro,https://www.petsonic.com/5435-large_default/naturea-galletas-pescado-aceite-oliva-hierbas-aromaticas-para-perros.jpg,230 Gr., 5.10 € 
  Galletas Puppy para Perro,https://www.petsonic.com/5831-large_default/hobbit-alf-galletas-puppy-para-perros.jpg,100 Gr., 0.60 € ,200 Gr., 1.50 € ,430 gr, 2.60 € ,"2,5 Kg.", 14.20 € 
  Galletas Granja para Perro,https://www.petsonic.com/5830-large_default/hobbit-alf-galletas-granja-para-perros.jpg,200 Gr., 1.50 € ,430 gr, 2.60 € ,4 Kg., 18.70 € 
  Galleta Croqueta Queso y Pollo para Perro,https://www.petsonic.com/5855-large_default/hobbit-alf-galleta-croqueta-queso-pollo-para-perros.jpg,430 gr, 2.60 € 
  Galletas Alfito de Carne para Perro,https://www.petsonic.com/5877-large_default/hobbit-alf-galletas-alfito-carne-para-perros.jpg,430 gr, 2.60 € 
  Galleta Happy Happer Mix para Perros,https://www.petsonic.com/5871-large_default/hobbit-alf-galleta-happy-happer-mix-para-perros.jpg,5 Kg , 22.95 € 
  Galletas Jumbo Mini Mix para Perro,https://www.petsonic.com/5878-large_default/hobbit-alf-galletas-jumbo-mini-mix-para-perros.jpg,430 gr, 2.60 € 
  Pasta Easy Treat para Cachorros,https://www.petsonic.com/13277-large_default/kong-pasta-easy-treat-para-cachorros-para-perros.jpg,0.236 L, 6.00 € 
  Pasta Easy Treat para Perro,https://www.petsonic.com/13278-large_default/kong-pasta-easy-treat-para-perros.jpg,0.236 L, 6.00 € 
  Galletas para Cachorro,https://www.petsonic.com/6621-large_default/kong-galletas-para-cachorro-para-perros.jpg,300 Gr., 6.25 € 
  Galletas Sabor Hígado para Perros Pequeños,https://www.petsonic.com/7109-large_default/kong-galletas-sabor-higado-pequenos-para-perros.jpg,200 Gr., 4.85 € 
  Galletas para Perro,https://www.petsonic.com/6620-large_default/kong-galletas-para-perros.jpg,300 Gr., 6.25 € 
  Delibakie Biscotti,https://www.petsonic.com/7276-large_default/purina-pro-plan-delibakie-biscotti-para-perros.jpg,90 Gr, 0.95 € ,270 Gr, 2.40 € 
  Delibakie Hearts,https://www.petsonic.com/7253-large_default/purina-pro-plan-delibakie-hearts-para-perros.jpg,100 Gr., 1.15 € ,350 Gr., 2.50 € 
  Delibakie Rolls,https://www.petsonic.com/7257-large_default/purina-pro-plan-delibakie-rolls-para-perros.jpg,100 Gr., 1.15 € 
  Adventuros Mini Sticks de Búfalo,https://www.petsonic.com/7283-large_default/purina-pro-plan-adventuros-mini-sticks-bufalo-para-perros.jpg,90 Gr, 0.95 € ,Pack 6 sobres de 90gr, 6.30 € 
  Adventuros Strips Venado,https://www.petsonic.com/7279-large_default/purina-pro-plan-adventuros-strips-venado-para-perros.jpg,90 Gr, 0.95 € ,Pack 6 sobres de 90gr, 6.30 € 
  Adventuros Nuggets Jabalí,https://www.petsonic.com/7282-large_default/purina-pro-plan-adventuros-nuggets-jabali-para-perros.jpg,90 Gr, 0.95 € ,Pack 6 sobres de 90gr, 6.30 € 
  Adventuros Sticks de Búfalo,https://www.petsonic.com/7284-large_default/purina-pro-plan-adventuros-sticks-bufalo-para-perros.jpg,120 gr, 0.95 € ,Packs 6 sobres de 120 gr, 6.30 € 
  IB Snack Pollo y Manzana,https://www.petsonic.com/7043-large_default/hill-s-ideal-balance-ib-snack-pollo-manzana-para-perros.jpg,1 x 6 sobres 227 gr, 19.95 € ,1 Sobre 227 gr, 3.35 € 
  IB Snack Pollo y Zanahoria,https://www.petsonic.com/7044-large_default/hill-s-ideal-balance-ib-snack-pollo-zanahoria-para-perros.jpg,1 x 6 sobres 227 gr, 19.95 € ,1 Sobre 227 gr, 3.35 € 
  Biscuits Dental Bar 150gr.,https://www.petsonic.com/3454-large_default/purina-pro-plan-biscuits-dental-bar-150gr-para-perros.jpg,1 Unidad., 2.90 € ,4 Unidades, 10.90 € 
  Biscuits Light 400gr.,https://www.petsonic.com/3452-large_default/purina-pro-plan-biscuits-light-400gr-para-perros.jpg,1 Unidad., 2.95 € ,4 Unidades, 13.90 € 
  Treat Regional 56 gr.,https://www.petsonic.com/9784-large_default/orijen-treat-regional-56-gr-para-perros.jpg,1 Unidad., 5.75 € ,6 Unidades., 28.95 € 
  Treats Ranch Raised Lamb 56gr.,https://www.petsonic.com/9781-large_default/orijen-treats-ranch-raised-lamb-56gr-para-perros.jpg,1 Unidad., 5.50 € ,6 Unidades., 34.07 € 
  Treat Wild Board 56 gr.,https://www.petsonic.com/9789-large_default/orijen-treat-wild-board-56-gr-para-perros.jpg,1 Unidad., 4.85 € ,6 Unidades., 28.95 € 
  Treat Free Run Duck 42.5 Gr,https://www.petsonic.com/12700-large_default/orijen-treat-free-run-duck-42-5-gr-para-perros.jpg,1 Unidad., 5.50 € ,6 Unidades., 32.95 € 
  Snacks Adiestramiento para Cachorros,https://www.petsonic.com/6414-large_default/the-company-of-animals-snacks-adiestramiento-para-cachorros-para-perros.jpg,75 gr, 1.25 € 
  Puppy Snack,https://www.petsonic.com/7477-large_default/affinity-advance-puppy-snack-para-perros.jpg,150 Gr., 1.99 € ,1 x 7 packs de 150 gr, 12.50 € 
  Dental Care Stick Mini,https://www.petsonic.com/13016-large_default/affinity-advance-dental-care-stick-mini-para-perros.jpg,7 Unidades., 1.90 € ,28 Unidades, 7.95 € 
  Dental Care Stick Medium,https://www.petsonic.com/10262-large_default/affinity-advance-dental-care-stick-medium-para-perros.jpg,7 Unidades., 2.95 € ,28 Unidades, 9.95 € 
  Hypoallergenic Snack,https://www.petsonic.com/7474-large_default/affinity-advance-hypoallergenic-snack-para-perros.jpg,150 Gr., 1.99 € ,1 x 7 packs de 150 gr, 11.90 € 
  Appetite Control Snack,https://www.petsonic.com/7475-large_default/affinity-advance-appetite-control-snack-para-perros.jpg,150 Gr., 1.99 € ,1 x 7 packs de 150 gr, 11.90 € 
  Articular Snack,https://www.petsonic.com/7478-large_default/affinity-advance-articular-snack-para-perros.jpg,150 Gr., 1.90 € ,1 x 14 packs de 155 gr, 23.80 € 
  +7 Años Snack,https://www.petsonic.com/12801-large_default/7-anos-snack.jpg,150 Gr., 2.45 € ,1 x 7 packs de 150 gr, 16.30 € 
  Veggie Dent Limpieza Dental,https://www.petsonic.com/3927-large_default/virbac-veggie-dent-limpieza-dental-para-perros.jpg,XS, 5.30 € ,S, 5.70 € ,M, 7.35 € ,L, 8.10 € 
  Limpiador Dental Masticable para Perros,https://www.petsonic.com/2019-large_default/bayer-limpiador-dental-masticable-para-perros.jpg,140 gr, 5.95 € 
  Snack Dentalife para Perros Mini,https://www.petsonic.com/11184-large_default/purina-pro-plan-snack-dentalife-mini-para-perros.jpg,7 Unidades., 1.95 € ,21 unidades, 4.95 € 
  Snack Dentalife para Perros Medianos,https://www.petsonic.com/11186-large_default/purina-pro-plan-snack-dentalife-medianos-para-perros.jpg,5 Unidades., 1.60 € ,15 Unidades., 3.60 € 
  Snack Dentalife para Perros Grandes,https://www.petsonic.com/11188-large_default/purina-pro-plan-snack-dentalife-grandes-para-perros.jpg,4 Unidades, 1.60 € ,12 Unidades., 3.60 € 
  Dentastix 5-10 Kg Sticks Dentales,https://www.petsonic.com/10752-large_default/pedigree-dentastix-5-10-kg-sticks-dentales-para-perros.jpg,7 barritas, 2.25 € ,28 barritas(7x4), 6.95 € 
  Dentastix 10-25Kg Sticks Dentales,https://www.petsonic.com/10732-large_default/pedigree-dentastix-10-25kg-sticks-dentales-para-perros.jpg,7 barritas, 3.25 € ,28 barritas(7x4), 9.45 € 
  Pedigree Dentastix +25 Kg.,https://www.petsonic.com/8480-large_default/pedigree-dentastix-25-kg-para-perros.jpg,7 Unidades., 3.30 € ,28 Unidades, 12.95 € 
  Greenies Petite,https://www.petsonic.com/39-large_default/greenies-petite-para-perros.jpg,1 unidad (17 GR), 1.25 € ,10 Unidades (170 GR), 8.95 € ,20 Unidades (340 GR), 15.15 € ,2x 20 Unidades (680 GR), 29.90 € 
  Greenies Teenie,https://www.petsonic.com/38-large_default/greenies-teenie-para-perros.jpg,1 Unidad (8 GR), 1.10 € ,22 Unidades (170 GR), 8.95 € ,43 Unidades (340 GR), 15.15 € ,2x 43 Unidades (680 GR), 29.90 € 
  Greenies Large,https://www.petsonic.com/41-large_default/greenies-large-para-perros.jpg,4 Unidades (170 GR), 8.95 € ,2x 4 Unidades (340 GR), 14.25 € ,5x 4 Unidades (850 GR), 37.25 € 
  Greenies Regular,https://www.petsonic.com/40-large_default/greenies-regular-para-perros.jpg,1 Unidad (28.3 GR), 1.25 € ,6 Unidades (170 GR), 8.95 € ,12 Unidades (340 GR), 15.15 € ,2x 12 Unidades (680 GR), 29.90 € 
  Snack Capitan Jacks Salmon Trips para Perro,https://www.petsonic.com/10950-large_default/dimac-snack-capitan-jacks-salmon-trips-para-perros.jpg,90 Gr, 2.95 € 
  Snack Capitan Jacks Salmon Bites para Perro,https://www.petsonic.com/10951-large_default/dimac-snack-capitan-jacks-salmon-bites-para-perros.jpg,90 Gr, 2.95 € 
  Snacks Capitán Jacks Bacalao Twister para Perro,https://www.petsonic.com/10952-large_default/dimac-snacks-capitan-jacks-bacalao-twister-para-perros.jpg,90 Gr, 2.95 € 
  Snacks Capitán Jacks Bacalao Chunks para Perro,https://www.petsonic.com/10953-large_default/dimac-snacks-capitan-jacks-bacalao-chunks-para-perros.jpg,90 Gr, 2.95 € 
  Hueso Nylon Sabores Gourmet para Perro,https://www.petsonic.com/11953-large_default/tasty-bone-hueso-nylon-sabores-gourmet-para-perros.jpg,Pollo, 5.95 € ,Faisan, 5.95 € ,Ciervo, 5.95 € ,Ternera., 5.95 € ,Salmón, 5.95 € ,Langostino a la Barbacoa, 5.95 € ,Pato, 5.95 € 
  Hueso Nylon Sabores para Perro Toy,https://www.petsonic.com/10958-large_default/tasty-bone-hueso-nylon-sabores-toy-para-perros.jpg,Pollo, 5.45 € ,Bacon, 5.45 € ,Ternera., 5.45 € ,Cordero, 5.45 € 
  Hueso Nylon Sabores para Perro Pequeño,https://www.petsonic.com/10966-large_default/tasty-bone-hueso-nylon-sabores-pequeno-para-perros.jpg,Pollo, 6.75 € ,Bacon, 6.75 € ,Ternera., 6.75 € ,Cordero, 6.75 € 
  Hueso Nylon Sabores para Perro Grande,https://www.petsonic.com/10972-large_default/tasty-bone-hueso-nylon-sabores-grande-para-perros.jpg,Pollo, 11.75 € ,Bacon, 11.75 € ,Ternera., 11.75 € ,Cordero, 11.75 € 
  Pack 2 Huesos Nylon Sabores para Perro Toy,https://www.petsonic.com/10975-large_default/tasty-bone-pack-2-huesos-nylon-sabores-toy-para-perros.jpg,Pato + Faisan, 10.15 € ,Ternera + Pollo, 10.15 € ,Barbacoa + Ternera, 10.15 € ,Ternera + Bacon, 10.15 € 
  Pack 2 Huesos Nylon Sabores para Perro Pequeño,https://www.petsonic.com/10979-large_default/tasty-bone-pack-2-huesos-nylon-sabores-pequeno-para-perros.jpg,Pato + Faisan, 13.15 € ,Ternera + Pollo, 13.15 € ,Barbacoa + Ternera, 13.15 € ,Ternera + Bacon, 13.15 € 
  Hueso de Nylon Sabores para Perro Gigante,https://www.petsonic.com/10983-large_default/tasty-bone-hueso-nylon-sabores-gigante-para-perros.jpg,Pollo, 19.20 € ,Bacon, 19.20 € ,Ternera., 19.20 € ,Cordero, 19.20 € 
  Hueso Nylon Trío Sabores para Perro Pequeño,https://www.petsonic.com/10988-large_default/tasty-bone-hueso-nylon-trio-sabores-pequeno-para-perros.jpg,Pollo, 14.40 € ,Bacon, 14.40 € ,Ternera., 14.40 € ,Cordero, 14.40 € 
  Hueso Nylon Trío sabores para Perro Grande,https://www.petsonic.com/10991-large_default/tasty-bone-hueso-nylon-trio-sabores-grande-para-perros.jpg,Pollo, 16.80 € ,Bacon, 16.80 € ,Ternera., 16.80 € ,Cordero, 16.80 € 
  Snack Cepillo Dental Tamaño XS para Perro,https://www.petsonic.com/11009-large_default/whimzees-snack-cepillo-dental-tamano-xs-para-perros.jpg,48 unidades, 11.30 € 
  Snack Cepillo Dental Tamaño S para Perro,https://www.petsonic.com/11007-large_default/whimzees-snack-cepillo-dental-tamano-s-para-perros.jpg,24 Unidades., 11.30 € 
  Snack Cepillo Dental Tamaño M para Perro,https://www.petsonic.com/11011-large_default/whimzees-snack-cepillo-dental-tamano-m-para-perros.jpg,12 Unidades., 11.30 € 
  Snack Cepillo Dental Tamaño L para Perro,https://www.petsonic.com/11013-large_default/whimzees-snack-cepillo-dental-tamano-l-para-perros.jpg,6 Unidades., 11.30 € 
  Stick Dental Talla S para Perro,https://www.petsonic.com/11015-large_default/whimzees-stick-dental-talla-s-para-perros.jpg,24+4 unidades, 11.30 € 
  Stick Dental Talla M para Perro,https://www.petsonic.com/11017-large_default/whimzees-stick-dental-talla-m-para-perros.jpg,12+2 unidades, 11.30 € 
  Stick Dental Talla L para Perro,https://www.petsonic.com/11019-large_default/whimzees-stick-dental-talla-l-para-perros.jpg,6+1 unidades, 11.30 € 
  Snack Cocodrilo Talla S para Perro,https://www.petsonic.com/11021-large_default/whimzees-snack-cocodrilo-talla-s-para-perros.jpg,24 Unidades., 11.30 € 
  Snack Cocodrilo Talla M para Perro,https://www.petsonic.com/11023-large_default/whimzees-snack-cocodrilo-talla-m-para-perros.jpg,12 Unidades., 11.30 € 
  Snack Cocodrilo Talla L para Perro,https://www.petsonic.com/11025-large_default/whimzees-snack-cocodrilo-talla-l-para-perros.jpg,6 Unidades., 11.30 € 
  Huesos Piel Sabor Bacon para Perro,https://www.petsonic.com/11046-large_default/nayeco-huesos-piel-sabor-bacon-para-perros.jpg,10 cm, 2.95 € 
  Huesos Piel Sabor Pollo para Perro,https://www.petsonic.com/11047-large_default/nayeco-huesos-piel-sabor-pollo-para-perros.jpg,10 cm, 2.95 € 
  Hueso Piel Pollo para Perro,https://www.petsonic.com/11049-large_default/nayeco-hueso-piel-pollo-para-perros.jpg,10 cm, 1.20 € ,15 cm, 2.80 € 
  Hueso Piel con Carne de Pollo para perro,https://www.petsonic.com/11050-large_default/nayeco-hueso-piel-carne-pollo-para-perros.jpg,6 cm, 1.95 € ,11 cm, 2.55 € 
  Hueso Piel Carne de Salmón para Perro,https://www.petsonic.com/11052-large_default/nayeco-hueso-piel-carne-salmon-para-perros.jpg,6 cm, 2.20 € ,11 cm, 2.55 € 
  Stick Con Carne de pollo para Perro,https://www.petsonic.com/11059-large_default/hobbit-alf-stick-carne-pollo-para-perros.jpg,100 Gr., 2.95 € 
  Stick Talla XXL con Carne de Pollo para Perro,https://www.petsonic.com/11060-large_default/hobbit-alf-stick-talla-xxl-carne-pollo-para-perros.jpg,130 gr, 3.45 € 
  Snack Pescaditos con Pollo para Perro,https://www.petsonic.com/11137-large_default/hobbit-alf-snack-pescaditos-pollo-para-perros.jpg,100 Gr., 2.25 € 
  Hueso piel con Carne de Pollo y Cerdo para Perro,https://www.petsonic.com/11163-large_default/nayeco-hueso-piel-carne-pollo-cerdo-para-perros.jpg,6 cm, 3.75 € 
  Caja con Rollos de Piel Deshidratada para Perro,https://www.petsonic.com/10672-large_default/bravo-caja-rollos-piel-deshidratada-para-perro.jpg,3 Unidades., 11.50 € 
  Huesos Piel Pollo y Ternera para Perro,https://www.petsonic.com/11537-large_default/iams-huesos-piel-pollo-y-ternera-para-perros.jpg,5 Unidades., 5.20 € ,6 Unidades., 13.60 € ,7 Unidades., 5.65 € ,21 unidades, 13.90 € 
  Huesos Piel Pollo y Jamón para Perro,https://www.petsonic.com/11528-large_default/iams-huesos-piel-pollo-y-jamon-para-perros.jpg,7 Unidades., 5.50 € 
  Hueso Piel Pollo y Ternera para Perro,https://www.petsonic.com/11547-large_default/iams-hueso-piel-pollo-y-ternera-para-perros.jpg,S, 3.65 € ,M, 4.70 € ,L, 5.70 € 
  Hueso Piel Pollo y Jamón para Perro,https://www.petsonic.com/11531-large_default/iams-hueso-piel-pollo-y-jamon-para-perros.jpg,S, 3.65 € ,L, 5.70 € 
  Sticks Pollo y Ternera para Perro,https://www.petsonic.com/11532-large_default/iams-sticks-pollo-y-ternera-para-perros.jpg,3 Unidades., 5.20 € 
  Stick en Espiral Pollo y Ternera para Perro,https://www.petsonic.com/11549-large_default/iams-stick-en-espiral-pollo-y-ternera-para-perros.jpg,55 Gr., 5.20 € ,190 gr, 10.45 € 
  Stick en Espiral Pollo y Jamón para Perro,https://www.petsonic.com/11534-large_default/iams-stick-en-espiral-pollo-y-jamon-para-perros.jpg,55 Gr., 5.20 € ,190 gr, 10.45 € 
  Snack Ternera y Manzana para Perro,https://www.petsonic.com/11538-large_default/iams-snack-ternera-y-manzana-para-perros.jpg,100 Gr., 1.55 € 
  Snack Pollo y Zanahoria para Perro,https://www.petsonic.com/11539-large_default/iams-snack-pollo-y-zanahoria-para-perros.jpg,100 Gr., 1.55 € 
  Snack Cordero y Arándano para Perro,https://www.petsonic.com/11550-large_default/iams-snack-cordero-arandano-para-perros.jpg,100 Gr., 1.55 € 
  Plaque off Croq para Perro,https://www.petsonic.com/11673-large_default/divsa-plaque-off-croq-para-perro.jpg,60 Gr., 9.20 € ,150 Gr., 11.95 € 
  Orejas de Conejo Deshidratadas para Perro,https://www.petsonic.com/11775-large_default/pepper-s-choice-orejas-conejo-deshidratadas-para-perros.jpg,100 Gr., 4.70 € 
  Piel de Ciervo Deshidratada para Perro,https://www.petsonic.com/11774-large_default/pepper-s-choice-piel-ciervo-deshidratada-para-perros.jpg,150 Gr., 6.75 € 
  Glyco-flex l Snacks para Perro,https://www.petsonic.com/11857-large_default/glyco-flex-l-snacks-para-perro.jpg,120 Comprimidos, 53.40 € 
  Glyco-flex ll Snacks para Perro,https://www.petsonic.com/11858-large_default/vetnova-glyco-flex-ll-snacks-para-perro.jpg,60 Comprimidos, 34.95 € ,120 Comprimidos, 54.90 € 
  Glyco-flex ll Snacks para Gatos y Perros Pequeños,https://www.petsonic.com/11859-large_default/vetnova-glyco-flex-l-snacks-para-gatos-y-perros-pequenos.jpg,60 Comprimidos, 27.30 € 
  Glyco-flex lll Snacks para Perro,https://www.petsonic.com/11863-large_default/vetnova-glyco-flex-lll-snacks-para-perro.jpg,30 Comprimidos, 36.95 € ,60 Comprimidos, 39.95 € ,120 Comprimidos, 69.85 € 
  Glyco-flex lll Snacks para Perro Mini,https://www.petsonic.com/11862-large_default/vetnova-glyco-flex-lll-snacks-para-perro-mini.jpg,60 Comprimidos, 25.70 € 
  Multiva Active para Perro,https://www.petsonic.com/11868-large_default/vetnova-multiva-active-para-perro.jpg,45 Comprimidos, 13.99 € 
  Multiva Calming para Gatos y Perros Pequeños,https://www.petsonic.com/11869-large_default/vetnoca-multiva-calming-para-gato-y-perros-pequenos.jpg,21 Comprimidos, 8.40 € 
  Multiva Calming para Perros Medianos y Grandes,https://www.petsonic.com/11870-large_default/vetnova-multiva-calming-para-perros-medianos-y-grandes.jpg,21 Comprimidos, 9.70 € 
  Multiva Motion para Perro,https://www.petsonic.com/11872-large_default/vetnova-multiva-motion-para-perro.jpg,60 Comprimidos, 14.40 € 
  Snacks de Ternera en Monodosis para Perro,https://www.petsonic.com/12023-large_default/snacks-de-ternera-en-monodosis-para-perro.jpg,16 Unidades, 13.95 € 
  Snacks de Pollo en Monodosis para Perro,https://www.petsonic.com/12024-large_default/snacks-de-pollo-en-monodosis-para-perro.jpg,16 Unidades, 13.95 € 
  Snacks de Queso en Monodosis para Perro,https://www.petsonic.com/12025-large_default/snacks-de-queso-en-monodosis-para-perro.jpg,16 Unidades, 13.95 € 
  Snacks de Higado en Monodosis para Perro,https://www.petsonic.com/12026-large_default/snacks-de-higado-en-monodosis-para-perro.jpg,16 Unidades, 13.95 € 
  Snacks de Pescado en Monodosis para Perro,https://www.petsonic.com/12027-large_default/snacks-de-pescado-en-monodosis-para-perro.jpg,16 Unidades, 13.95 € 
  Snacks de Pato en Monodosis para Perro,https://www.petsonic.com/12028-large_default/snacks-de-pato-en-monodosis-para-perro.jpg,16 Unidades, 13.95 € 
  Snacks de Cordero en Monodosis para Perro,https://www.petsonic.com/12029-large_default/snacks-de-cordero-en-monodosis-para-perro.jpg,16 Unidades, 13.95 € 
  Snack Metabolic Treats Canine,https://www.petsonic.com/12043-large_default/snack-metabolic-treats-canine.jpg,220 Gr, 3.75 € 
  Snacks Z/D Treat Canine,https://www.petsonic.com/12044-large_default/snacks-zd-treat-canine.jpg,220 Gr, 3.75 € 
  Sticks de Ternera en Monodosis para Perro,https://www.petsonic.com/12046-large_default/sticks-de-ternera-en-monodosis-para-perro.jpg,12 Unidades., 2.50 € 
  Sticks de Pollo en Monodosis para Perro,https://www.petsonic.com/12047-large_default/sticks-de-pollo-en-monodosis-para-perro.jpg,16 Unidades, 2.50 € 
  Sticks de Higado en Monodosis para Perro,https://www.petsonic.com/12049-large_default/sticks-dehigado-en-monodosis-para-perro.jpg,16 Unidades, 2.50 € 
  Sticks de Pato en Monodosis para Perro,https://www.petsonic.com/12050-large_default/sticks-de-pato-en-monodosis-para-perro.jpg,16 Unidades, 2.50 € 
  Sticks de Cordero en Monodosis para Perro,https://www.petsonic.com/12051-large_default/sticks-de-cordero-en-monodosis-para-perro.jpg,16 Unidades, 2.50 € 
  Sticks de Queso en Monodosis para Perro,https://www.petsonic.com/12048-large_default/sticks-de-queso-en-monodosis-para-perro.jpg,16 Unidades, 2.75 € 
  Bocaditos de Salmón para Perro,https://www.petsonic.com/12836-large_default/bocaditos-salmon-para-perro.jpg,200 Gr., 10.95 € 
  Cutania Snacks para Perro,https://www.petsonic.com/13252-large_default/vetnova-cutania-snacks-para-perros-gatos.jpg,60 Unidades., 27.45 € 
  Cutania Snacks para Perro Mini y Gato,https://www.petsonic.com/13253-large_default/cutania-snacks-para-perro-mini-gato.jpg,60 Comprimidos, 20.50 € 
  Hueso Jamón para Perro,https://www.petsonic.com/13262-large_default/hueso-jamon-amiguitos-para-perro.jpg,1 Unidad., 1.25 € 
  Huesos Delibones para Perro,https://www.petsonic.com/13301-large_default/huesos-delibones-para-perro.jpg,7 cm, 3.25 € ,11 cm, 3.50 € 
  Sensitive Snack,https://www.petsonic.com/13327-large_default/sensitive-snack.jpg,150 Gr., 2.45 € ,1 x 7 packs de 150 gr, 16.30 € 
