 Barritas Redonda de Ternera para Perro,  
 Barritas Redonda de Cordero para Perro,  
 Barritas Redonda de Pollo para Perro,  
 Mini Huesitos Tiernos Mix para Perros,  
 Snack Toffy Salm贸n para Perro,  
 Snack Toffy Pollo para Perro,  
 Snack Toffy Cordero para Perro,  
 Snack Toffy Surtido para Perro,  
 Barritas 1kg Redonda Antisarro con Fluor...,  
 Barrita de Cordero,  
 Delidog Barritas de Pollo,  
 Delidog Barritas de Buey,  
 Delidog Barritas de Salm贸n,  
 Delidog Barritas de Cordero,  
 Delidog Barritas Grain Free,  
 Barritas de Pollo con Omega-3 para Perro,  
 Barritas de Cordero Omega-3 para Perro,  
 Barritas de Ternera con Omega-3 para Perro,  
 Bocaditos Tiernos de Salm贸n para Perro,  
 Estrellas Tiernas de Salm贸n y Queso para...,  
